"feature_id_full","feature_id","feature_mz","feature_rt","biodynamique_vs_conventional purely mineral fertilization_p_value","biodynamique_vs_conventional purely mineral fertilization_p_value_minus_log10","biodynamique_vs_conventional purely mineral fertilization_fold_change","biodynamique_vs_conventional purely mineral fertilization_fold_change_log2","canopus_npc_pathway","canopus_npc_superclass","canopus_npc_class","sirius_name","gnps_smiles","met_annot_structure_smiles","sirius_smiles","gnps_inchi","gnps_inchi_aux","gnps_inchikey","gnps_inchikey_planar","met_annot_short_inchikey","met_annot_structure_inchi","met_annot_structure_inchikey","sirius_inchi","sirius_inchikey2d"
"2882_215.1_4.4",2882,215.096154037905,4.43728836326531,0.00299061483815561,2.52423951623475,1.35810109692976,0.441590877675776,"Alkaloids","Tetramate alkaloids","pteridine alkaloids","Sencorex","CSC1=NN=C(C(=O)N1N)C(C)(C)C","CC1C(O)CC2C(C(=O)O)COC(=O)C12","CC(C)(C)C1=NN=C(N(C1=O)N)SC","1S/C8H14N4OS/c1-8(2,3)5-6(13)12(9)7(14-4)11-10-5/h9H2,1-4H3",NA,"FOXFZRUHNHCZPX-UHFFFAOYSA-N","FOXFZRUHNHCZPX","LEAZKSVQWBGNCL","InChI=1S/C10H14O5/c1-4-7(11)2-5-6(9(12)13)3-15-10(14)8(4)5/h4-8,11H,2-3H2,1H3,(H,12,13)","LEAZKSVQWBGNCL-UHFFFAOYSA-N","InChI=1S/C8H14N4OS/c1-8(2,3)5-6(13)12(9)7(14-4)11-10-5/h9H2,1-4H3","FOXFZRUHNHCZPX"
"5298_265.15_2.2",5298,265.154517641193,2.17528754495413,0.00340665717740912,2.46767156864835,1.3166405618506,0.396861548774635,"Alkaloids","Ornithine alkaloids","Polyamines","Subaphyllin","O=C(C=CC=1C=CC(O)=C(OC)C=1)NCCCCN","COc1cc(C=CC(=O)NCCCCN)ccc1O","COC1=C(C=CC(=C1)C=CC(=O)NCCCCN)O","1S/C14H20N2O3/c1-19-13-10-11(4-6-12(13)17)5-7-14(18)16-9-3-2-8-15/h4-7,10,17H,2-3,8-9,15H2,1H3,(H,16,18)",NA,"SFUVCMKSYKHYLD-UHFFFAOYSA-N","SFUVCMKSYKHYLD","SFUVCMKSYKHYLD","InChI=1S/C14H20N2O3/c1-19-13-10-11(4-6-12(13)17)5-7-14(18)16-9-3-2-8-15/h4-7,10,17H,2-3,8-9,15H2,1H3,(H,16,18)","SFUVCMKSYKHYLD-UHFFFAOYSA-N","InChI=1S/C14H20N2O3/c1-19-13-10-11(4-6-12(13)17)5-7-14(18)16-9-3-2-8-15/h4-7,10,17H,2-3,8-9,15H2,1H3,(H,16,18)","SFUVCMKSYKHYLD"
"5602_265.15_2.2",5602,265.154619255352,2.24606476037736,0.00355465851883042,2.44920211378396,1.26690371981877,0.341306888947607,"Alkaloids","Ornithine alkaloids","Polyamines","Subaphyllin","O=C(C=CC=1C=CC(O)=C(OC)C=1)NCCCCN","COc1cc(/C=C/C(=O)NCCCCN)ccc1O","COC1=C(C=CC(=C1)C=CC(=O)NCCCCN)O","1S/C14H20N2O3/c1-19-13-10-11(4-6-12(13)17)5-7-14(18)16-9-3-2-8-15/h4-7,10,17H,2-3,8-9,15H2,1H3,(H,16,18)",NA,"SFUVCMKSYKHYLD-UHFFFAOYSA-N","SFUVCMKSYKHYLD","SFUVCMKSYKHYLD","InChI=1S/C14H20N2O3/c1-19-13-10-11(4-6-12(13)17)5-7-14(18)16-9-3-2-8-15/h4-7,10,17H,2-3,8-9,15H2,1H3,(H,16,18)/b7-5+","SFUVCMKSYKHYLD-FNORWQNLSA-N","InChI=1S/C14H20N2O3/c1-19-13-10-11(4-6-12(13)17)5-7-14(18)16-9-3-2-8-15/h4-7,10,17H,2-3,8-9,15H2,1H3,(H,16,18)","SFUVCMKSYKHYLD"
"2667_321.19_2.6",2667,321.19218087967,2.64542305319149,0.0041067481592308,2.38650192885073,1.28077711407555,0.35701943399687,"Alkaloids","Ornithine alkaloids","Polyamines","null",NA,NA,"COC1=C(C=C(C=C1)C=CC(=O)NCCCCN=C(N)N)OC",NA,NA,NA,NA,"CCZXUYRSGKPBHZ","nan","nan","InChI=1S/C16H24N4O3/c1-22-13-7-5-12(11-14(13)23-2)6-8-15(21)19-9-3-4-10-20-16(17)18/h5-8,11H,3-4,9-10H2,1-2H3,(H,19,21)(H4,17,18,20)","CCZXUYRSGKPBHZ"
"4411_158.08_1.8",4411,158.081233513885,1.75774874308943,0.00721110704014054,2.14199805781623,1.24551345374717,0.316740605319816,"Amino acids and Peptides","Small peptides","Dipeptides","Acetylproline","CC(=O)N1CCC[C@H]1C(=O)O",NA,"CC(=O)N1CCCC1C(=O)O","InChI=1S/C7H11NO3/c1-5(9)8-4-2-3-6(8)7(10)11/h6H,2-4H2,1H3,(H,10,11)/t6-/m0/s1",NA,"GNMSLDIYJOSUSW-LURJTMIESA-N","GNMSLDIYJOSUSW",NA,NA,NA,"InChI=1S/C7H11NO3/c1-5(9)8-4-2-3-6(8)7(10)11/h6H,2-4H2,1H3,(H,10,11)","GNMSLDIYJOSUSW"
"4766_307.18_2.3",4766,307.176642371034,2.30365449605263,0.00968880546962735,2.01372976370548,1.28475895617572,0.361497709341163,"Amino acids and Peptides","Phenylpropanoids (C6-C3)","Cinnamic acid amides","feruloylagmatine","COc1c(O)ccc(/C=C/C(=O)NCCCCNC(C)=O)c1","COc1cc(/C=C/C(=O)NCCCCNC(=N)N)ccc1O","COC1=C(C=CC(=C1)C=CC(=O)NCCCCN=C(N)N)O","InChI=1S/C16H22N2O4/c1-12(19)17-9-3-4-10-18-16(21)8-6-13-5-7-14(20)15(11-13)22-2/h5-8,11,20H,3-4,9-10H2,1-2H3,(H,17,19)(H,18,21)/b8-6+","ZVMGKOAHBAIHLO-SOFGYWHQSA-N","ZVMGKOAHBAIHLO-SOFGYWHQSA-N","ZVMGKOAHBAIHLO","UBMDAKWARMURDL","InChI=1S/C15H22N4O3/c1-22-13-10-11(4-6-12(13)20)5-7-14(21)18-8-2-3-9-19-15(16)17/h4-7,10,20H,2-3,8-9H2,1H3,(H,18,21)(H4,16,17,19)/b7-5+","UBMDAKWARMURDL-FNORWQNLSA-N","InChI=1S/C15H22N4O3/c1-22-13-10-11(4-6-12(13)20)5-7-14(21)18-8-2-3-9-19-15(16)17/h4-7,10,20H,2-3,8-9H2,1H3,(H,18,21)(H4,16,17,19)","UBMDAKWARMURDL"
"3405_265.15_2.5",3405,265.15466792084,2.49787677425743,0.0103770816137157,1.98392476761145,1.21857064933026,0.285189896923931,"Amino acids and Peptides","Small peptides","Dipeptides","valylphenylalanine",NA,NA,"CC(C)C(C(=O)NC(CC1=CC=CC=C1)C(=O)O)N",NA,NA,NA,NA,NA,NA,NA,"InChI=1S/C14H20N2O3/c1-9(2)12(15)13(17)16-11(14(18)19)8-10-6-4-3-5-7-10/h3-7,9,11-12H,8,15H2,1-2H3,(H,16,17)(H,18,19)","GJNDXQBALKCYSZ"
"911_307.18_2.5",911,307.176507414768,2.53403085897436,0.0116210750683139,1.93475369340529,1.27634044556033,0.352013198703819,"Amino acids and Peptides","Phenylpropanoids (C6-C3)","Cinnamic acid amides","feruloylagmatine","COc1c(O)ccc(/C=C/C(=O)NCCCCNC(C)=O)c1","COc1cc(/C=C/C(=O)NCCCCNC(=N)N)ccc1O","COC1=C(C=CC(=C1)C=CC(=O)NCCCCN=C(N)N)O","InChI=1S/C16H22N2O4/c1-12(19)17-9-3-4-10-18-16(21)8-6-13-5-7-14(20)15(11-13)22-2/h5-8,11,20H,3-4,9-10H2,1-2H3,(H,17,19)(H,18,21)/b8-6+","ZVMGKOAHBAIHLO-SOFGYWHQSA-N","ZVMGKOAHBAIHLO-SOFGYWHQSA-N","ZVMGKOAHBAIHLO","UBMDAKWARMURDL","InChI=1S/C15H22N4O3/c1-22-13-10-11(4-6-12(13)20)5-7-14(21)18-8-2-3-9-19-15(16)17/h4-7,10,20H,2-3,8-9H2,1H3,(H,18,21)(H4,16,17,19)/b7-5+","UBMDAKWARMURDL-FNORWQNLSA-N","InChI=1S/C15H22N4O3/c1-22-13-10-11(4-6-12(13)20)5-7-14(21)18-8-2-3-9-19-15(16)17/h4-7,10,20H,2-3,8-9H2,1H3,(H,18,21)(H4,16,17,19)","UBMDAKWARMURDL"
"238_280.26_9",238,280.263532638648,9.04370696810345,0.0126745487621551,1.8970674934222,0.900728478369481,-0.150835818976964,"Fatty acids","Fatty amides","N-acyl amines","linoleamide",NA,"CCCCCCCCCCCCCC=CC=CC(N)=O","CCCCCC=CCC=CCCCCCCCC(=O)N",NA,NA,NA,NA,"QFIHQWXKTUONPL","InChI=1S/C18H33NO/c1-2-3-4-5-6-7-8-9-10-11-12-13-14-15-16-17-18(19)20/h14-17H,2-13H2,1H3,(H2,19,20)","QFIHQWXKTUONPL-UHFFFAOYSA-N","InChI=1S/C18H33NO/c1-2-3-4-5-6-7-8-9-10-11-12-13-14-15-16-17-18(19)20/h6-7,9-10H,2-5,8,11-17H2,1H3,(H2,19,20)","SFIHQZFZMWZOJV"
"4214_337.19_2.3",4214,337.187273846185,2.33206771071429,0.0134211141760944,1.87221142899236,1.22305701724509,0.290491661902356,"Amino acids and Peptides","Phenylpropanoids (C6-C3)","Cinnamic acid amides","Arphamenine B",NA,NA,"C1=CC(=CC=C1CC(CC(=O)C(CCCN=C(N)N)N)C(=O)O)O",NA,NA,NA,NA,NA,NA,NA,"InChI=1S/C16H24N4O4/c17-13(2-1-7-20-16(18)19)14(22)9-11(15(23)24)8-10-3-5-12(21)6-4-10/h3-6,11,13,21H,1-2,7-9,17H2,(H,23,24)(H4,18,19,20)","RRJCLYMGCZJLBQ"
"819_277.17_2.4",819,277.165936671456,2.36503349883721,0.016148341676363,1.79187207009965,1.22474839456642,0.292485400498021,"Amino acids and Peptides","Phenylpropanoids (C6-C3)","Cinnamic acid amides","4-coumaroylagmatine",NA,"N=C(N)NCCCCNC(=O)/C=C/c1ccc(O)cc1","C1=CC(=CC=C1C=CC(=O)NCCCCN=C(N)N)O",NA,NA,NA,NA,"AKIHYQWCLCDMMI","InChI=1S/C14H20N4O2/c15-14(16)18-10-2-1-9-17-13(20)8-5-11-3-6-12(19)7-4-11/h3-8,19H,1-2,9-10H2,(H,17,20)(H4,15,16,18)/b8-5+","AKIHYQWCLCDMMI-VMPITWQZSA-N","InChI=1S/C14H20N4O2/c15-14(16)18-10-2-1-9-17-13(20)8-5-11-3-6-12(19)7-4-11/h3-8,19H,1-2,9-10H2,(H,17,20)(H4,15,16,18)","AKIHYQWCLCDMMI"
"5199_289.16_3.5",5199,289.164618307372,3.54566492537313,0.0173534477139932,1.76061422839982,0.81369004455751,-0.297448755357093,"Fatty acids","Fatty Acids and Conjugates","Dicarboxylic acids","null",NA,"C[C@@H](O)/C=C/[C@@]1(O)[C@@]2(C)C[C@@H](O)C[C@]1(C)C(=O)O2","CC(CC=CCC(C)C(CC(=O)O)O)C(CC(=O)O)O",NA,NA,NA,NA,"AQSPKQLQWIQRJJ","InChI=1S/C13H20O5/c1-8(14)4-5-13(17)11(2)6-9(15)7-12(13,3)18-10(11)16/h4-5,8-9,14-15,17H,6-7H2,1-3H3/b5-4+/t8-,9+,11-,12-,13+/m1/s1","AQSPKQLQWIQRJJ-WKINKLLYSA-N","InChI=1S/C14H24O6/c1-9(11(15)7-13(17)18)5-3-4-6-10(2)12(16)8-14(19)20/h3-4,9-12,15-16H,5-8H2,1-2H3,(H,17,18)(H,19,20)","FIDISSFBBFUTOK"
"2424_293.16_1.9",2424,293.160666950728,1.90014647846154,0.0195271465229474,1.70936121497527,1.24249489023226,0.313239918707688,"Shikimates and Phenylpropanoids","Ornithine alkaloids","Polyamines","4-coumaroyl-3-hydroxyagmatine",NA,"C=C1C[C@@H](O)[C@H](O)[C@@]2(C)CC[C@H]([C@](C)(O)CO)C[C@H]12","C1=CC(=CC=C1C=CC(=O)NCCC(CN=C(N)N)O)O",NA,NA,NA,NA,"QLYUSONKBWKHRY","InChI=1S/C15H26O4/c1-9-6-12(17)13(18)14(2)5-4-10(7-11(9)14)15(3,19)8-16/h10-13,16-19H,1,4-8H2,2-3H3/t10-,11+,12+,13-,14-,15+/m0/s1","QLYUSONKBWKHRY-VRPMWHRCSA-N","InChI=1S/C14H20N4O3/c15-14(16)18-9-12(20)7-8-17-13(21)6-3-10-1-4-11(19)5-2-10/h1-6,12,19-20H,7-9H2,(H,17,21)(H4,15,16,18)","ZOASRUGREWIJSO"
"5645_219.15_2.9",5645,219.149247048271,2.91406643090909,0.0210483909349752,1.67678109862979,1.20452068448645,0.268459168296018,"Alkaloids","Ornithine alkaloids","Polyamines","null",NA,"NCCCCNC(=O)C=Cc1ccccc1","C1=CC(=CC=C1CCC(=O)NCCCCN)O",NA,NA,NA,NA,"UYLFIIUIXMINML","InChI=1S/C13H18N2O/c14-10-4-5-11-15-13(16)9-8-12-6-2-1-3-7-12/h1-3,6-9H,4-5,10-11,14H2,(H,15,16)","UYLFIIUIXMINML-UHFFFAOYSA-N","InChI=1S/C13H20N2O2/c14-9-1-2-10-15-13(17)8-5-11-3-6-12(16)7-4-11/h3-4,6-7,16H,1-2,5,8-10,14H2,(H,15,17)","URDRVJQAISYYTA"
"5466_493.28_6.7",5466,493.281270346002,6.66026084691358,0.0227360879425289,1.64328425957489,0.822773505396781,-0.281432757329934,"Amino acids and Peptides","Small peptides","Tripeptides","null",NA,"O=C1/C=C/[C@]23CC[C@H](O)C[C@H]2Oc2ccc(cc23)/C=C/C(=O)N2CCCN(CCCCN1)C2","CCCC1C(=O)NC(C(=O)NC(C(=O)NC(C(=O)N1)CCC)CC2=CC=CC=C2)CC3=CC=CC=C3",NA,NA,NA,NA,"UFOFLILZAYNLQQ","InChI=1S/C26H33N3O4/c30-20-8-10-26-11-9-24(31)27-12-1-2-13-28-14-3-15-29(18-28)25(32)7-5-19-4-6-22(21(26)16-19)33-23(26)17-20/h4-7,9,11,16,20,23,30H,1-3,8,10,12-15,17-18H2,(H,27,31)/b7-5+,11-9+/t20-,23+,26-/m0/s1","UFOFLILZAYNLQQ-NHPWUDTJSA-N","InChI=1S/C28H36N4O4/c1-3-11-21-25(33)29-22(12-4-2)26(34)31-24(18-20-15-9-6-10-16-20)28(36)32-23(27(35)30-21)17-19-13-7-5-8-14-19/h5-10,13-16,21-24H,3-4,11-12,17-18H2,1-2H3,(H,29,33)(H,30,35)(H,31,34)(H,32,36)","AMUAGNPIOKLCDR"
"4775_130.09_0.7",4775,130.086427642111,0.65143068894309,0.0231870712178999,1.63475410406716,1.21578489315989,0.281887997676834,"Amino acids and Peptides","Small peptides","Aminoacids","l-homopro",NA,NA,"C1CCNC(C1)C(=O)O",NA,NA,NA,NA,NA,NA,NA,"InChI=1S/C6H11NO2/c8-6(9)5-3-1-2-4-7-5/h5,7H,1-4H2,(H,8,9)","HXEACLLIILLPRG"
"2931_331.15_4.6",2931,331.146776397347,4.55889016206897,0.024679449520099,1.60766453155329,0.765812376706229,-0.38493711833939,"Alkaloids","Peptide alkaloids","Simple amide alkaloids","Pyributicarb",NA,"C=C(C)[C@H]1CC(=O)C[C@@]23O[C@]4(C)C[C@@H]5OC(=O)[C@@H]([C@@H]5[C@@H]4C2=O)[C@@H]3C1","CC(C)(C)C1=CC(=CC=C1)OC(=S)N(C)C2=NC(=CC=C2)OC",NA,NA,NA,NA,"DIIDNULUYBIJPD","InChI=1S/C19H22O5/c1-8(2)9-4-10(20)6-19-11(5-9)13-14-12(23-17(13)22)7-18(3,24-19)15(14)16(19)21/h9,11-15H,1,4-7H2,2-3H3/t9-,11-,12-,13+,14+,15+,18+,19-/m0/s1","DIIDNULUYBIJPD-IFUZRCJVSA-N","InChI=1S/C18H22N2O2S/c1-18(2,3)13-8-6-9-14(12-13)22-17(23)20(4)15-10-7-11-16(19-15)21-5/h6-12H,1-5H3","VTRWMTJQBQJKQH"
"2705_307.18_2",2705,307.176440813684,2.046305295,0.0265120768367911,1.576556250259,1.24492221705526,0.316055605285931,"Alkaloids","Ornithine alkaloids","Polyamines","feruloylagmatine",NA,"COc1cc(/C=C/C(=O)NCCCCNC(=N)N)ccc1O","COC1=C(C=CC(=C1)C=CC(=O)NCCCCN=C(N)N)O",NA,NA,NA,NA,"UBMDAKWARMURDL","InChI=1S/C15H22N4O3/c1-22-13-10-11(4-6-12(13)20)5-7-14(21)18-8-2-3-9-19-15(16)17/h4-7,10,20H,2-3,8-9H2,1H3,(H,18,21)(H4,16,17,19)/b7-5+","UBMDAKWARMURDL-FNORWQNLSA-N","InChI=1S/C15H22N4O3/c1-22-13-10-11(4-6-12(13)20)5-7-14(21)18-8-2-3-9-19-15(16)17/h4-7,10,20H,2-3,8-9H2,1H3,(H,18,21)(H4,16,17,19)","UBMDAKWARMURDL"
"4494_147.08_0.6",4494,147.076477523465,0.618965573451328,0.027589326836619,1.55925889592199,1.18528573312478,0.245234887031681,"Amino acids and Peptides","Small peptides","Aminoacids","glutamin","C(CC(=O)N)C(C(=O)O)N","NC(=O)CC[C@H](N)C(=O)O","C(CC(=O)N)C(C(=O)O)N","1S/C5H10N2O3/c6-3(5(9)10)1-2-4(7)8/h3H,1-2,6H2,(H2,7,8)(H,9,10)",NA,"ZDXPYRJPNDTMRX-UHFFFAOYSA-N","ZDXPYRJPNDTMRX","ZDXPYRJPNDTMRX","InChI=1S/C5H10N2O3/c6-3(5(9)10)1-2-4(7)8/h3H,1-2,6H2,(H2,7,8)(H,9,10)/t3-/m0/s1","ZDXPYRJPNDTMRX-VKHMYHEASA-N","InChI=1S/C5H10N2O3/c6-3(5(9)10)1-2-4(7)8/h3H,1-2,6H2,(H2,7,8)(H,9,10)","ZDXPYRJPNDTMRX"
"5029_321.19_2.4",5029,321.192106629227,2.4279870525,0.0280898222745498,1.55145100858861,1.25060590249965,0.322627231482806,"Alkaloids","Ornithine alkaloids","Polyamines","null",NA,NA,"COC1=C(C=C(C=C1)C=CC(=O)NCCCCN=C(N)N)OC",NA,NA,NA,NA,"CCZXUYRSGKPBHZ","nan","nan","InChI=1S/C16H24N4O3/c1-22-13-7-5-12(11-14(13)23-2)6-8-15(21)19-9-3-4-10-20-16(17)18/h5-8,11H,3-4,9-10H2,1-2H3,(H,19,21)(H4,17,18,20)","CCZXUYRSGKPBHZ"
"4139_277.17_2.2",4139,277.166000154098,2.17463267746479,0.0308783964085093,1.51034526173718,1.20531112391565,0.269405593753219,"Amino acids and Peptides","Phenylpropanoids (C6-C3)","Cinnamic acid amides","4-coumaroylagmatine",NA,"N=C(N)NCCCCNC(=O)/C=C/c1ccc(O)cc1","C1=CC(=CC=C1C=CC(=O)NCCCCN=C(N)N)O",NA,NA,NA,NA,"AKIHYQWCLCDMMI","InChI=1S/C14H20N4O2/c15-14(16)18-10-2-1-9-17-13(20)8-5-11-3-6-12(19)7-4-11/h3-8,19H,1-2,9-10H2,(H,17,20)(H4,15,16,18)/b8-5+","AKIHYQWCLCDMMI-VMPITWQZSA-N","InChI=1S/C14H20N4O2/c15-14(16)18-10-2-1-9-17-13(20)8-5-11-3-6-12(19)7-4-11/h3-8,19H,1-2,9-10H2,(H,17,20)(H4,15,16,18)","AKIHYQWCLCDMMI"
"421_227.18_2",421,227.175434902376,1.99276284482759,0.0330032387800693,1.48144343844659,1.23407219238948,0.303426793641171,"Fatty acids","Fatty amides","N-acyl amines","nylon linear dimer",NA,"CC(C)C[C@@H]1NC(=O)[C@H](CC(C)C)NC1=O","C(CCC(=O)NCCCCCC(=O)O)CCN",NA,NA,NA,NA,"XWYXUMDVQIOAPR","InChI=1S/C12H22N2O2/c1-7(2)5-9-11(15)14-10(6-8(3)4)12(16)13-9/h7-10H,5-6H2,1-4H3,(H,13,16)(H,14,15)/t9-,10-/m0/s1","XWYXUMDVQIOAPR-UWVGGRQHSA-N","InChI=1S/C12H24N2O3/c13-9-5-1-3-7-11(15)14-10-6-2-4-8-12(16)17/h1-10,13H2,(H,14,15)(H,16,17)","IWENLYKHSZCPRD"
"665_235.14_2.8",665,235.143953403015,2.7858100875,0.0334251489093723,1.47592664927541,1.17479133206709,0.23240452621466,"Amino acids and Peptides","Phenylpropanoids (C6-C3)","Cinnamic acid amides","p-Coumaroylputrescine",NA,NA,"C1=CC(=CC=C1C=CC(=O)NCCCCN)O",NA,NA,NA,NA,NA,NA,NA,"InChI=1S/C13H18N2O2/c14-9-1-2-10-15-13(17)8-5-11-3-6-12(16)7-4-11/h3-8,16H,1-2,9-10,14H2,(H,15,17)","CJHDBEPXEKGBDW"
"711_171.03_1",711,171.028756592648,1.02409322411765,0.035819126950233,1.44588500378339,1.18306985118585,0.242535256251163,"Shikimates and Phenylpropanoids","Phenolic acids (C6-C1)","Gallotannins","gallate","C1=C(C(=C(C=C1C(=O)O)O)O)O","O=C(O)c1cc(O)c(O)c(O)c1","C1=C(C=C(C(=C1O)O)O)C(=O)O","\"\"InChI=1S/C7H6O5/c8-4-1-3(7(11)12)2-5(9)6(4)10/h1-2,8-10H,(H,11,12)\"\"",NA,"LNTHITQWFMADLM-UHFFFAOYSA-N","LNTHITQWFMADLM","LNTHITQWFMADLM","InChI=1S/C7H6O5/c8-4-1-3(7(11)12)2-5(9)6(4)10/h1-2,8-10H,(H,11,12)","LNTHITQWFMADLM-UHFFFAOYSA-N","InChI=1S/C7H6O5/c8-4-1-3(7(11)12)2-5(9)6(4)10/h1-2,8-10H,(H,11,12)","LNTHITQWFMADLM"
"3379_251.14_1.8",3379,251.138786557956,1.77927260126582,0.0360895580687547,1.44261843601964,1.21061200031504,0.275736557093498,"Alkaloids","Ornithine alkaloids","Polyamines","N-Caffeoylputrescine","O=C(C=CC=1C=CC(O)=C(O)C=1)NCCCCN","NCCCCNC(=O)C=Cc1ccc(O)c(O)c1","C1=CC(=C(C=C1C=CC(=O)NCCCCN)O)O","1S/C13H18N2O3/c14-7-1-2-8-15-13(18)6-4-10-3-5-11(16)12(17)9-10/h3-6,9,16-17H,1-2,7-8,14H2,(H,15,18)",NA,"KTZNZCYTXQYEHT-UHFFFAOYSA-N","KTZNZCYTXQYEHT","KTZNZCYTXQYEHT","InChI=1S/C13H18N2O3/c14-7-1-2-8-15-13(18)6-4-10-3-5-11(16)12(17)9-10/h3-6,9,16-17H,1-2,7-8,14H2,(H,15,18)","KTZNZCYTXQYEHT-UHFFFAOYSA-N","InChI=1S/C13H18N2O3/c14-7-1-2-8-15-13(18)6-4-10-3-5-11(16)12(17)9-10/h3-6,9,16-17H,1-2,7-8,14H2,(H,15,18)","KTZNZCYTXQYEHT"
"74_225.08_4",74,225.075606689917,3.960327568,0.0368379009345713,1.43370512436294,1.18106694144863,0.240090737265982,"Polyketides","Meroterpenoids","Simple cyclic polyketides","Trinexapac","C(C1)C1C(O)=C(C(=O)CC2C(=O)O)C(=O)C2","COc1cc(/C=C/C(=O)O)cc(OC)c1O","C1CC1C(=C2C(=O)CC(CC2=O)C(=O)O)O","1S/C11H12O5/c12-7-3-6(11(15)16)4-8(13)9(7)10(14)5-1-2-5/h5-6,14H,1-4H2,(H,15,16)/b10-9-",NA,"DFFWZNDCNBOKDI-UHFFFAOYSA-N","DFFWZNDCNBOKDI","PCMORTLOPMLEFB","InChI=1S/C11H12O5/c1-15-8-5-7(3-4-10(12)13)6-9(16-2)11(8)14/h3-6,14H,1-2H3,(H,12,13)/b4-3+","PCMORTLOPMLEFB-ONEGZZNKSA-N","InChI=1S/C11H12O5/c12-7-3-6(11(15)16)4-8(13)9(7)10(14)5-1-2-5/h5-6,14H,1-4H2,(H,15,16)","DFFWZNDCNBOKDI"
"5315_284.29_9.9",5315,284.294804763971,9.85872569,0.0404588671241159,1.39298628193677,0.915975215934179,-0.126619531862721,"Fatty acids","Fatty amides","Primary amides","Adogen 42",NA,"CCCCCCCCCCCCCCCCCC(N)=O","CCCCCCCCCCCCCCCCCC(=O)N",NA,NA,NA,NA,"LYRFLYHAGKPMFH","InChI=1S/C18H37NO/c1-2-3-4-5-6-7-8-9-10-11-12-13-14-15-16-17-18(19)20/h2-17H2,1H3,(H2,19,20)","LYRFLYHAGKPMFH-UHFFFAOYSA-N","InChI=1S/C18H37NO/c1-2-3-4-5-6-7-8-9-10-11-12-13-14-15-16-17-18(19)20/h2-17H2,1H3,(H2,19,20)","LYRFLYHAGKPMFH"
"2241_333.26_3.3",2241,333.264972595894,3.3337056,0.0418891623414286,1.37789832414899,1.20159217972374,0.264947328558625,"Alkaloids","Ornithine alkaloids","Polyamines","null",NA,NA,"C1CCNCCCNC(=O)CC(NCCCNC1)C2=CC=CC=C2",NA,NA,NA,NA,NA,NA,NA,"InChI=1S/C19H32N4O/c24-19-16-18(17-8-2-1-3-9-17)22-14-6-12-20-10-4-5-11-21-13-7-15-23-19/h1-3,8-9,18,20-22H,4-7,10-16H2,(H,23,24)","XLQJYFZMKKAAMB"
"2755_251.14_2.2",2755,251.13868549233,2.15272232151899,0.0426670894408301,1.36990698176922,1.18706455019535,0.247398387982908,"Alkaloids","Ornithine alkaloids","Polyamines","N-Caffeoylputrescine","O=C(C=CC=1C=CC(O)=C(O)C=1)NCCCCN","NCCCCNC(=O)C=Cc1ccc(O)c(O)c1","C1=CC(=C(C=C1C=CC(=O)NCCCCN)O)O","1S/C13H18N2O3/c14-7-1-2-8-15-13(18)6-4-10-3-5-11(16)12(17)9-10/h3-6,9,16-17H,1-2,7-8,14H2,(H,15,18)",NA,"KTZNZCYTXQYEHT-UHFFFAOYSA-N","KTZNZCYTXQYEHT","KTZNZCYTXQYEHT","InChI=1S/C13H18N2O3/c14-7-1-2-8-15-13(18)6-4-10-3-5-11(16)12(17)9-10/h3-6,9,16-17H,1-2,7-8,14H2,(H,15,18)","KTZNZCYTXQYEHT-UHFFFAOYSA-N","InChI=1S/C13H18N2O3/c14-7-1-2-8-15-13(18)6-4-10-3-5-11(16)12(17)9-10/h3-6,9,16-17H,1-2,7-8,14H2,(H,15,18)","KTZNZCYTXQYEHT"
"1841_270.28_9.5",1841,270.279062411042,9.46654222682926,0.0449426150695207,1.34734166095071,0.918334062136671,-0.122909036980392,"Fatty acids","Fatty amides","Primary amides","Heptadecanamide",NA,"CC(=O)NCCCCCCCCCCCCC(C)C","CCCCCCCCCCCCCCCCC(=O)N",NA,NA,NA,NA,"AMLDBWWQKYLAHJ","InChI=1S/C17H35NO/c1-16(2)14-12-10-8-6-4-5-7-9-11-13-15-18-17(3)19/h16H,4-15H2,1-3H3,(H,18,19)","AMLDBWWQKYLAHJ-UHFFFAOYSA-N","InChI=1S/C17H35NO/c1-2-3-4-5-6-7-8-9-10-11-12-13-14-15-16-17(18)19/h2-16H2,1H3,(H2,18,19)","REEPJBYQLCWOAR"
"4960_204.12_1.1",4960,204.123206352553,1.11608592621359,0.045699139916672,1.34009197351786,0.845753439646903,-0.241690955470596,"Fatty acids","Fatty esters","Fatty acyl carnitines","Branigen",NA,NA,"CC(=O)OC(CC(=O)O)C[N+](C)(C)C",NA,NA,NA,NA,NA,NA,NA,"InChI=1S/C9H17NO4/c1-7(11)14-8(5-9(12)13)6-10(2,3)4/h8H,5-6H2,1-4H3/p+1","RDHQFKQIGNGIED"
"2002_740.46_3.5",2002,740.462685990898,3.53495432876712,0.0474370690678551,1.32388215200003,1.17665710915627,0.234693964393834,"Amino acids and Peptides","Oligopeptides","Cyclic peptides","null",NA,NA,"CN(C)CC(=O)N1CCCC1C(=O)NC(CCCN=C(N)N)C(=O)NC(CCCN=C(N)N)C(=O)NC(CCCN=C(N)N)C(=O)NC(CO)C=O",NA,NA,NA,NA,NA,NA,NA,"InChI=1S/C30H57N15O7/c1-44(2)15-23(48)45-14-6-10-22(45)27(52)43-21(9-5-13-39-30(35)36)26(51)42-20(8-4-12-38-29(33)34)25(50)41-19(7-3-11-37-28(31)32)24(49)40-18(16-46)17-47/h16,18-22,47H,3-15,17H2,1-2H3,(H,40,49)(H,41,50)(H,42,51)(H,43,52)(H4,31,32,37)(H4,33,34,38)(H4,35,36,39)","DWYVYOKAWWYHEC"
"3111_291.14_1.9",3111,291.14496577482,1.92193513692308,0.0497313649447472,1.30336962080323,1.19500580968515,0.257017632083503,"Alkaloids","Small peptides","Dipeptides","Cbz-L-Arginine",NA,NA,"C1=CC=C(C=C1)COC(=O)NC(CCCN=C(N)N)C(=O)O",NA,NA,NA,NA,NA,NA,NA,"InChI=1S/C14H20N4O4/c15-13(16)17-8-4-7-11(12(19)20)18-14(21)22-9-10-5-2-1-3-6-10/h1-3,5-6,11H,4,7-9H2,(H,18,21)(H,19,20)(H4,15,16,17)","SJSSFUMSAFMFNM"
