"feature_id","feature_id_full","feature_id_full_annotated","feature_mz","feature_rt","biodynamique_vs_conventional purely mineral fertilization_p_value","biodynamique_vs_conventional purely mineral fertilization_p_value_minus_log10","biodynamique_vs_conventional purely mineral fertilization_fold_change","biodynamique_vs_conventional purely mineral fertilization_fold_change_log2","sirius_name","sirius_chebiasciiname","sirius_chebiid","sirius_confidencescore","sirius_csi_fingeridscore","sirius_siriusscore","sirius_zodiacscore","sirius_inchi","sirius_inchikey2d","sirius_molecularformula","sirius_adduct","sirius_smiles","canopus_npc_pathway","canopus_npc_class","canopus_npc_superclass","met_annot_structure_exact_mass","met_annot_structure_inchi","met_annot_structure_inchikey","met_annot_short_inchikey","met_annot_structure_smiles","met_annot_structure_molecular_formula","met_annot_structure_nametraditional","met_annot_structure_wikidata","met_annot_structure_taxonomy_npclassifier_01pathway","met_annot_structure_taxonomy_npclassifier_02superclass","met_annot_structure_taxonomy_npclassifier_01pathway_consensus","met_annot_structure_taxonomy_npclassifier_02superclass_consensus","met_annot_structure_taxonomy_npclassifier_03class_consensus","met_annot_organism_name","met_annot_organism_taxonomy_01domain","met_annot_organism_taxonomy_02kingdom","met_annot_organism_taxonomy_03phylum","met_annot_organism_taxonomy_04class","met_annot_organism_taxonomy_05order","met_annot_organism_taxonomy_06family","met_annot_organism_taxonomy_07tribe","met_annot_organism_taxonomy_08genus","met_annot_organism_taxonomy_09species","met_annot_organism_taxonomy_10varietas","met_annot_organism_taxonomy_ottid","met_annot_organism_wikidata","met_annot_score_taxo","biodynamique","biodynamique.pval","conventional.purely.mineral.fertilization","conventional.purely.mineral.fertilization.pval","MeanDecreaseAccuracy","MeanDecreaseAccuracy.pval","MeanDecreaseGini","MeanDecreaseGini.pval"
74,"74_225.08_4","NA_[74_225.08_4]",225.075606689917,3.960327568,0.0368379009345713,1.43370512436294,1.18106694144863,0.240090737265982,"Trinexapac",NA,NA,0.753992698734823,-25.2212522107409,64.6201219279393,1,"InChI=1S/C11H12O5/c12-7-3-6(11(15)16)4-8(13)9(7)10(14)5-1-2-5/h5-6,14H,1-4H2,(H,15,16)","DFFWZNDCNBOKDI","C11H12O5","[M + H]+","C1CC1C(=C2C(=O)CC(CC2=O)C(=O)O)O","Polyketides","Simple cyclic polyketides","Meroterpenoids","224.068473484","InChI=1S/C11H12O5/c1-15-8-5-7(3-4-10(12)13)6-9(16-2)11(8)14/h3-6,14H,1-2H3,(H,12,13)/b4-3+","PCMORTLOPMLEFB-ONEGZZNKSA-N","PCMORTLOPMLEFB","COc1cc(/C=C/C(=O)O)cc(OC)c1O","C11H12O5","Sinapic acid","http://www.wikidata.org/entity/Q417527","Shikimates and Phenylpropanoids","Phenylpropanoids (C6-C3)","Shikimates and Phenylpropanoids","Coumarins","Cinnamic acids and derivatives","Solanum tuberosum","['Eukaryota']","['Archaeplastida']","['Streptophyta']","['Magnoliopsida']","['Solanales']","['Solanaceae']","['Solaneae']","['Solanum']","['Solanum tuberosum']","nan","494835.0","http://www.wikidata.org/entity/Q10998",9,8.26370409638469,0.00199600798403194,7.99610184747724,0.00199600798403194,8.62587598207082,0.00199600798403194,1.55621828449157,0.00399201596806387
238,"238_280.26_9","NA_[238_280.26_9]",280.263532638648,9.04370696810345,0.0126745487621551,1.8970674934222,0.900728478369481,-0.150835818976964,"linoleamide",NA,NA,0.713212240089307,-33.1544910590703,100.3834261544,1,"InChI=1S/C18H33NO/c1-2-3-4-5-6-7-8-9-10-11-12-13-14-15-16-17-18(19)20/h6-7,9-10H,2-5,8,11-17H2,1H3,(H2,19,20)","SFIHQZFZMWZOJV","C18H33NO","[M + H]+","CCCCCC=CCC=CCCCCCCCC(=O)N","Fatty acids","N-acyl amines","Fatty amides","279.256214676","InChI=1S/C18H33NO/c1-2-3-4-5-6-7-8-9-10-11-12-13-14-15-16-17-18(19)20/h14-17H,2-13H2,1H3,(H2,19,20)","QFIHQWXKTUONPL-UHFFFAOYSA-N","QFIHQWXKTUONPL","CCCCCCCCCCCCCC=CC=CC(N)=O","C18H33NO","Octadecadienamide","http://www.wikidata.org/entity/Q104396729","nan","nan","nan","nan","nan","Piper longum","['Eukaryota']","['Archaeplastida']","['Streptophyta']","['Magnoliopsida']","['Piperales']","['Piperaceae']","['Unknown']","['Piper']","['Piper longum']","nan","97780.0","http://www.wikidata.org/entity/Q685336",4,2.73660420884036,0.0818363273453094,2.37808630482691,0.0798403193612774,2.88916539645184,0.0878243512974052,0.471126767422464,0.465069860279441
421,"421_227.18_2","N-(6-aminohexanoyl)-6-aminohexanoic acid_[421_227.18_2]",227.175434902376,1.99276284482759,0.0330032387800693,1.48144343844659,1.23407219238948,0.303426793641171,"nylon linear dimer","N-(6-aminohexanoyl)-6-aminohexanoic acid","CHEBI:49255",0.738504905361426,-47.2794356356459,40.1972196340574,1,"InChI=1S/C12H24N2O3/c13-9-5-1-3-7-11(15)14-10-6-2-4-8-12(16)17/h1-10,13H2,(H,14,15)(H,16,17)","IWENLYKHSZCPRD","C12H24N2O3","[M - H2O + H]+","C(CCC(=O)NCCCCCC(=O)O)CCN","Fatty acids","N-acyl amines","Fatty amides","226.168127944","InChI=1S/C12H22N2O2/c1-7(2)5-9-11(15)14-10(6-8(3)4)12(16)13-9/h7-10H,5-6H2,1-4H3,(H,13,16)(H,14,15)/t9-,10-/m0/s1","XWYXUMDVQIOAPR-UWVGGRQHSA-N","XWYXUMDVQIOAPR","CC(C)C[C@@H]1NC(=O)[C@H](CC(C)C)NC1=O","C12H22N2O2","Cyclo(L-leucyl-L-leucyl)","http://www.wikidata.org/entity/Q27135732","Amino acids and Peptides","Small peptides","Amino acids and Peptides","Small peptides","Dipeptides","Kandelia candel","['Eukaryota']","['Archaeplastida']","['Streptophyta']","['Magnoliopsida']","['Malpighiales']","['Rhizophoraceae']","['Unknown']","['Kandelia']","['Kandelia candel']","nan","973786.0","http://www.wikidata.org/entity/Q3847237",1,0.613266195653784,0.265469061876248,1.00100150250438,0.187624750499002,0.805506609410223,0.211576846307385,0.103744289762525,0.986027944111776
665,"665_235.14_2.8","N-(4-Aminobutyl)-3-(4-hydroxyphenyl)prop-2-enamide_[665_235.14_2.8]",235.143953403015,2.7858100875,0.0334251489093723,1.47592664927541,1.17479133206709,0.23240452621466,"p-Coumaroylputrescine","N-(4-Aminobutyl)-3-(4-hydroxyphenyl)prop-2-enamide","CHEBI:182610",0.792997510555261,-68.5786908521659,62.1741375462455,1,"InChI=1S/C13H18N2O2/c14-9-1-2-10-15-13(17)8-5-11-3-6-12(16)7-4-11/h3-8,16H,1-2,9-10,14H2,(H,15,17)","CJHDBEPXEKGBDW","C13H18N2O2","[M + H]+","C1=CC(=CC=C1C=CC(=O)NCCCCN)O","Amino acids and Peptides","Cinnamic acid amides","Phenylpropanoids (C6-C3)",NA,NA,NA,NA,NA,NA,NA,NA,NA,NA,NA,NA,NA,NA,NA,NA,NA,NA,NA,NA,NA,NA,NA,NA,NA,NA,NA,1.803959159606,0.101796407185629,2.74711950945464,0.0479041916167665,2.64693908374587,0.0479041916167665,0.182548090021434,0.904191616766467
711,"711_171.03_1","gallic acid_[711_171.03_1]",171.028756592648,1.02409322411765,0.035819126950233,1.44588500378339,1.18306985118585,0.242535256251163,"gallate","gallic acid","CHEBI:30778",0.865908617800367,-0.613306386394557,114.406205654999,1,"InChI=1S/C7H6O5/c8-4-1-3(7(11)12)2-5(9)6(4)10/h1-2,8-10H,(H,11,12)","LNTHITQWFMADLM","C7H6O5","[M + H]+","C1=C(C=C(C(=C1O)O)O)C(=O)O","Shikimates and Phenylpropanoids","Gallotannins","Phenolic acids (C6-C1)","170.021523292","InChI=1S/C7H6O5/c8-4-1-3(7(11)12)2-5(9)6(4)10/h1-2,8-10H,(H,11,12)","LNTHITQWFMADLM-UHFFFAOYSA-N","LNTHITQWFMADLM","O=C(O)c1cc(O)c(O)c(O)c1","C7H6O5","Gallic Acid","http://www.wikidata.org/entity/Q375837","Shikimates and Phenylpropanoids","Phenolic acids (C6-C1)","nan","nan","nan","Euphorbia hirta","['Eukaryota']","['Archaeplastida']","['Streptophyta']","['Magnoliopsida']","['Malpighiales']","['Euphorbiaceae']","['Euphorbieae']","['Euphorbia']","['Euphorbia hirta']","nan","851849.0","http://www.wikidata.org/entity/Q36177",8,-0.184848158005796,0.445109780439122,0.252442542019175,0.335329341317365,0.501812889069851,0.289421157684631,0.153256313222381,0.996007984031936
819,"819_277.17_2.4","p-coumaroylagmatine_[819_277.17_2.4]",277.165936671456,2.36503349883721,0.016148341676363,1.79187207009965,1.22474839456642,0.292485400498021,"4-coumaroylagmatine","p-coumaroylagmatine","CHEBI:32818",0.999244789464334,-17.0355999738301,42.7633905151239,1,"InChI=1S/C14H20N4O2/c15-14(16)18-10-2-1-9-17-13(20)8-5-11-3-6-12(19)7-4-11/h3-8,19H,1-2,9-10H2,(H,17,20)(H4,15,16,18)","AKIHYQWCLCDMMI","C14H20N4O2","[M + H]+","C1=CC(=CC=C1C=CC(=O)NCCCCN=C(N)N)O","Amino acids and Peptides","Cinnamic acid amides","Phenylpropanoids (C6-C3)","276.15862588","InChI=1S/C14H20N4O2/c15-14(16)18-10-2-1-9-17-13(20)8-5-11-3-6-12(19)7-4-11/h3-8,19H,1-2,9-10H2,(H,17,20)(H4,15,16,18)/b8-5+","AKIHYQWCLCDMMI-VMPITWQZSA-N","AKIHYQWCLCDMMI","N=C(N)NCCCCNC(=O)/C=C/c1ccc(O)cc1","C14H20N4O2","p-Coumaroylagmatine","http://www.wikidata.org/entity/Q27158879","Alkaloids","Ornithine alkaloids","Terpenoids","Sesquiterpenoids","Polyamines","Arabidopsis thaliana","['Eukaryota']","['Archaeplastida']","['Streptophyta']","['Magnoliopsida']","['Brassicales']","['Brassicaceae']","['Camelineae']","['Arabidopsis']","['Arabidopsis thaliana']","nan","309263.0","http://www.wikidata.org/entity/Q158695",4,6.81114935689869,0.00199600798403194,6.27971895261738,0.00199600798403194,7.20283429031716,0.00199600798403194,1.20537564811462,0.00199600798403194
911,"911_307.18_2.5","4-hydroxy-3-methoxycinnamoylagmatine_[911_307.18_2.5]",307.176507414768,2.53403085897436,0.0116210750683139,1.93475369340529,1.27634044556033,0.352013198703819,"feruloylagmatine","4-hydroxy-3-methoxycinnamoylagmatine","CHEBI:86091",0.995105802215097,-12.0200753350319,42.9773484801162,1,"InChI=1S/C15H22N4O3/c1-22-13-10-11(4-6-12(13)20)5-7-14(21)18-8-2-3-9-19-15(16)17/h4-7,10,20H,2-3,8-9H2,1H3,(H,18,21)(H4,16,17,19)","UBMDAKWARMURDL","C15H22N4O3","[M + H]+","COC1=C(C=CC(=C1)C=CC(=O)NCCCCN=C(N)N)O","Amino acids and Peptides","Cinnamic acid amides","Phenylpropanoids (C6-C3)","306.169190564","InChI=1S/C15H22N4O3/c1-22-13-10-11(4-6-12(13)20)5-7-14(21)18-8-2-3-9-19-15(16)17/h4-7,10,20H,2-3,8-9H2,1H3,(H,18,21)(H4,16,17,19)/b7-5+","UBMDAKWARMURDL-FNORWQNLSA-N","UBMDAKWARMURDL","COc1cc(/C=C/C(=O)NCCCCNC(=N)N)ccc1O","C15H22N4O3","Feruloylagmatine","http://www.wikidata.org/entity/Q27145385","Alkaloids","Ornithine alkaloids","Terpenoids","Sesquiterpenoids","Polyamines","Corydalis saxicola","['Eukaryota']","['Archaeplastida']","['Streptophyta']","['Magnoliopsida']","['Ranunculales']","['Papaveraceae']","['Unknown']","['Corydalis']","['Corydalis saxicola']","nan","345836.0","http://www.wikidata.org/entity/Q15250588",4,1.34960213258899,0.167664670658683,-1.01077157384811,0.634730538922156,0.797345252309984,0.221556886227545,0.0892389915966387,1
1841,"1841_270.28_9.5","NA_[1841_270.28_9.5]",270.279062411042,9.46654222682926,0.0449426150695207,1.34734166095071,0.918334062136671,-0.122909036980392,"Heptadecanamide",NA,NA,0.696567156030353,-14.950183831578,8.42046031828245,1,"InChI=1S/C17H35NO/c1-2-3-4-5-6-7-8-9-10-11-12-13-14-15-16-17(18)19/h2-16H2,1H3,(H2,18,19)","REEPJBYQLCWOAR","C17H35NO","[M + H]+","CCCCCCCCCCCCCCCCC(=O)N","Fatty acids","Primary amides","Fatty amides","269.27186474","InChI=1S/C17H35NO/c1-16(2)14-12-10-8-6-4-5-7-9-11-13-15-18-17(3)19/h16H,4-15H2,1-3H3,(H,18,19)","AMLDBWWQKYLAHJ-UHFFFAOYSA-N","AMLDBWWQKYLAHJ","CC(=O)NCCCCCCCCCCCCC(C)C","C17H35NO","N-(13-Methyltetradecyl)acetamide","http://www.wikidata.org/entity/Q27155104","Fatty acids","Fatty amides","Fatty acids","Fatty amides","Primary amides","Capsicum annuum","['Eukaryota']","['Archaeplastida']","['Streptophyta']","['Magnoliopsida']","['Solanales']","['Solanaceae']","['Capsiceae']","['Capsicum']","['Capsicum annuum']","nan","473836.0","http://www.wikidata.org/entity/Q1380",4,0.330312667519621,0.313373253493014,1.07806073477901,0.17564870259481,0.876628718449741,0.197604790419162,0.329127916936864,0.734530938123752
2002,"2002_740.46_3.5","NA_[2002_740.46_3.5]",740.462685990898,3.53495432876712,0.0474370690678551,1.32388215200003,1.17665710915627,0.234693964393834,"null",NA,NA,0.932808845508834,-292.378653801834,19.0710797969589,0.422613065326633,"InChI=1S/C30H57N15O7/c1-44(2)15-23(48)45-14-6-10-22(45)27(52)43-21(9-5-13-39-30(35)36)26(51)42-20(8-4-12-38-29(33)34)25(50)41-19(7-3-11-37-28(31)32)24(49)40-18(16-46)17-47/h16,18-22,47H,3-15,17H2,1-2H3,(H,40,49)(H,41,50)(H,42,51)(H,43,52)(H4,31,32,37)(H4,33,34,38)(H4,35,36,39)","DWYVYOKAWWYHEC","C30H57N15O7","[M + H]+","CN(C)CC(=O)N1CCCC1C(=O)NC(CCCN=C(N)N)C(=O)NC(CCCN=C(N)N)C(=O)NC(CCCN=C(N)N)C(=O)NC(CO)C=O","Amino acids and Peptides","Cyclic peptides","Oligopeptides",NA,NA,NA,NA,NA,NA,NA,NA,NA,NA,NA,NA,NA,NA,NA,NA,NA,NA,NA,NA,NA,NA,NA,NA,NA,NA,NA,1.91337918000764,0.0838323353293413,-0.156177571144113,0.415169660678643,1.28908853281308,0.141716566866267,0.0646155311355311,1
2241,"2241_333.26_3.3","NA_[2241_333.26_3.3]",333.264972595894,3.3337056,0.0418891623414286,1.37789832414899,1.20159217972374,0.264947328558625,"null",NA,NA,0.860451568747148,-164.444081547261,27.9067278407764,1,"InChI=1S/C19H32N4O/c24-19-16-18(17-8-2-1-3-9-17)22-14-6-12-20-10-4-5-11-21-13-7-15-23-19/h1-3,8-9,18,20-22H,4-7,10-16H2,(H,23,24)","XLQJYFZMKKAAMB","C19H32N4O","[M + H]+","C1CCNCCCNC(=O)CC(NCCCNC1)C2=CC=CC=C2","Alkaloids","Polyamines","Ornithine alkaloids",NA,NA,NA,NA,NA,NA,NA,NA,NA,NA,NA,NA,NA,NA,NA,NA,NA,NA,NA,NA,NA,NA,NA,NA,NA,NA,NA,2.50908159681608,0.0518962075848303,2.19560705759066,0.0818363273453094,2.96247985765194,0.06187624750499,0.0773529045595825,0.980039920159681
2424,"2424_293.16_1.9","NA_[2424_293.16_1.9]",293.160666950728,1.90014647846154,0.0195271465229474,1.70936121497527,1.24249489023226,0.313239918707688,"4-coumaroyl-3-hydroxyagmatine",NA,NA,0.812380046202702,-217.892000562553,31.2036708994227,1,"InChI=1S/C14H20N4O3/c15-14(16)18-9-12(20)7-8-17-13(21)6-3-10-1-4-11(19)5-2-10/h1-6,12,19-20H,7-9H2,(H,17,21)(H4,15,16,18)","ZOASRUGREWIJSO","C14H20N4O3","[M + H]+","C1=CC(=CC=C1C=CC(=O)NCCC(CN=C(N)N)O)O","Shikimates and Phenylpropanoids","Polyamines","Ornithine alkaloids","270.183109312","InChI=1S/C15H26O4/c1-9-6-12(17)13(18)14(2)5-4-10(7-11(9)14)15(3,19)8-16/h10-13,16-19H,1,4-8H2,2-3H3/t10-,11+,12+,13-,14-,15+/m0/s1","QLYUSONKBWKHRY-VRPMWHRCSA-N","QLYUSONKBWKHRY","C=C1C[C@@H](O)[C@H](O)[C@@]2(C)CC[C@H]([C@](C)(O)CO)C[C@H]12","C15H26O4","(1R,2R,4aR,6S,8aS)-6-[(2S)-1,2-dihydroxypropan-2-yl]-8a-methyl-4-methylidene-1,2,3,4a,5,6,7,8-octahydronaphthalene-1,2-diol","http://www.wikidata.org/entity/Q105223844","Terpenoids","Sesquiterpenoids","Terpenoids","Sesquiterpenoids","Polyamines","Solanum lyratum","['Eukaryota']","['Archaeplastida']","['Streptophyta']","['Magnoliopsida']","['Solanales']","['Solanaceae']","['Solaneae']","['Solanum']","['Solanum lyratum']","nan","693272.0","http://www.wikidata.org/entity/Q5769249",8,1.08759919696925,0.189620758483034,0.513004353910712,0.279441117764471,1.07788423699927,0.163672654690619,0.104578677988678,1
2667,"2667_321.19_2.6","NA_[2667_321.19_2.6]",321.19218087967,2.64542305319149,0.0041067481592308,2.38650192885073,1.28077711407555,0.35701943399687,"null",NA,NA,0.991106486656907,-70.3934580582022,34.1800283687802,1,"InChI=1S/C16H24N4O3/c1-22-13-7-5-12(11-14(13)23-2)6-8-15(21)19-9-3-4-10-20-16(17)18/h5-8,11H,3-4,9-10H2,1-2H3,(H,19,21)(H4,17,18,20)","CCZXUYRSGKPBHZ","C16H24N4O3","[M + H]+","COC1=C(C=C(C=C1)C=CC(=O)NCCCCN=C(N)N)OC","Alkaloids","Polyamines","Ornithine alkaloids","nan","nan","nan","CCZXUYRSGKPBHZ",NA,"nan","nan","nan","nan","nan","Terpenoids","Sesquiterpenoids","Polyamines","nan","['Unknown']","['Unknown']","['Unknown']","['Unknown']","['Unknown']","['Unknown']","['Unknown']","['Unknown']","['Unknown']","nan","nan","nan",0,6.73311805121086,0.00199600798403194,5.94428870794715,0.00199600798403194,7.1601932968947,0.00199600798403194,1.22086251771964,0.00199600798403194
2705,"2705_307.18_2","4-hydroxy-3-methoxycinnamoylagmatine_[2705_307.18_2]",307.176440813684,2.046305295,0.0265120768367911,1.576556250259,1.24492221705526,0.316055605285931,"feruloylagmatine","4-hydroxy-3-methoxycinnamoylagmatine","CHEBI:86091",0.989862099315694,-86.9387420108175,31.6042125249564,1,"InChI=1S/C15H22N4O3/c1-22-13-10-11(4-6-12(13)20)5-7-14(21)18-8-2-3-9-19-15(16)17/h4-7,10,20H,2-3,8-9H2,1H3,(H,18,21)(H4,16,17,19)","UBMDAKWARMURDL","C15H22N4O3","[M + H]+","COC1=C(C=CC(=C1)C=CC(=O)NCCCCN=C(N)N)O","Alkaloids","Polyamines","Ornithine alkaloids","306.169190564","InChI=1S/C15H22N4O3/c1-22-13-10-11(4-6-12(13)20)5-7-14(21)18-8-2-3-9-19-15(16)17/h4-7,10,20H,2-3,8-9H2,1H3,(H,18,21)(H4,16,17,19)/b7-5+","UBMDAKWARMURDL-FNORWQNLSA-N","UBMDAKWARMURDL","COc1cc(/C=C/C(=O)NCCCCNC(=N)N)ccc1O","C15H22N4O3","Feruloylagmatine","http://www.wikidata.org/entity/Q27145385","Alkaloids","Ornithine alkaloids","Terpenoids","Sesquiterpenoids","Polyamines","Corydalis saxicola","['Eukaryota']","['Archaeplastida']","['Streptophyta']","['Magnoliopsida']","['Ranunculales']","['Papaveraceae']","['Unknown']","['Corydalis']","['Corydalis saxicola']","nan","345836.0","http://www.wikidata.org/entity/Q15250588",4,-1.00100150250438,0.70059880239521,-1.00100150250438,0.652694610778443,-1.00100150250438,0.622754491017964,0.00373333333333333,1
2755,"2755_251.14_2.2","N-(4-Aminobutyl)-3-(3,4-dihydroxyphenyl)prop-2-enamide_[2755_251.14_2.2]",251.13868549233,2.15272232151899,0.0426670894408301,1.36990698176922,1.18706455019535,0.247398387982908,"N-Caffeoylputrescine","N-(4-Aminobutyl)-3-(3,4-dihydroxyphenyl)prop-2-enamide","CHEBI:182693",0.938988223968986,-6.12085253090666,46.508279381615,1,"InChI=1S/C13H18N2O3/c14-7-1-2-8-15-13(18)6-4-10-3-5-11(16)12(17)9-10/h3-6,9,16-17H,1-2,7-8,14H2,(H,15,18)","KTZNZCYTXQYEHT","C13H18N2O3","[M + H]+","C1=CC(=C(C=C1C=CC(=O)NCCCCN)O)O","Alkaloids","Polyamines","Ornithine alkaloids","250.131742436","InChI=1S/C13H18N2O3/c14-7-1-2-8-15-13(18)6-4-10-3-5-11(16)12(17)9-10/h3-6,9,16-17H,1-2,7-8,14H2,(H,15,18)","KTZNZCYTXQYEHT-UHFFFAOYSA-N","KTZNZCYTXQYEHT","NCCCCNC(=O)C=Cc1ccc(O)c(O)c1","C13H18N2O3","N-(4-aminobutyl)-3-(3,4-dihydroxyphenyl)prop-2-enamide","http://www.wikidata.org/entity/Q105146022","Alkaloids","Ornithine alkaloids","Alkaloids","Ornithine alkaloids","Polyamines","Nicotiana tabacum","['Eukaryota']","['Archaeplastida']","['Streptophyta']","['Magnoliopsida']","['Solanales']","['Solanaceae']","['Nicotianeae']","['Nicotiana']","['Nicotiana tabacum']","nan","222787.0","http://www.wikidata.org/entity/Q181095",4,0.835100771658894,0.287425149700599,1.27389146577383,0.165668662674651,0.961396173955788,0.225548902195609,0.223940340849381,0.936127744510978
2882,"2882_215.1_4.4","metribuzin_[2882_215.1_4.4]",215.096154037905,4.43728836326531,0.00299061483815561,2.52423951623475,1.35810109692976,0.441590877675776,"Sencorex","metribuzin","CHEBI:34846",0.579234854853279,-11.9892786103788,20.3894441932202,1,"InChI=1S/C8H14N4OS/c1-8(2,3)5-6(13)12(9)7(14-4)11-10-5/h9H2,1-4H3","FOXFZRUHNHCZPX","C8H14N4OS","[M + H]+","CC(C)(C)C1=NN=C(N(C1=O)N)SC","Alkaloids","pteridine alkaloids","Tetramate alkaloids","214.084123548","InChI=1S/C10H14O5/c1-4-7(11)2-5-6(9(12)13)3-15-10(14)8(4)5/h4-8,11H,2-3H2,1H3,(H,12,13)","LEAZKSVQWBGNCL-UHFFFAOYSA-N","LEAZKSVQWBGNCL","CC1C(O)CC2C(C(=O)O)COC(=O)C12","C10H14O5","6-hydroxy-7-methyl-1-oxo-4,4a,5,6,7,7a-hexahydro-3H-cyclopenta[c]pyran-4-carboxylic acid","http://www.wikidata.org/entity/Q105150483","Terpenoids","Monoterpenoids","nan","nan","nan","Jasminum","['Eukaryota']","['Archaeplastida']","['Streptophyta']","['Magnoliopsida']","['Lamiales']","['Oleaceae']","['Jasmineae']","['Jasminum']","['Unknown']","nan","23725.0","http://www.wikidata.org/entity/Q82014",4,6.22872720722188,0.00199600798403194,6.78199702375044,0.00199600798403194,7.27354432259796,0.00199600798403194,1.20385107254974,0.00199600798403194
2931,"2931_331.15_4.6","pyributicarb_[2931_331.15_4.6]",331.146776397347,4.55889016206897,0.024679449520099,1.60766453155329,0.765812376706229,-0.38493711833939,"Pyributicarb","pyributicarb","CHEBI:81736",0.759101551328374,-229.854289379071,42.3514838479325,0.988944723618091,"InChI=1S/C18H22N2O2S/c1-18(2,3)13-8-6-9-14(12-13)22-17(23)20(4)15-10-7-11-16(19-15)21-5/h6-12H,1-5H3","VTRWMTJQBQJKQH","C18H22N2O2S","[M + H]+","CC(C)(C)C1=CC(=CC=C1)OC(=S)N(C)C2=NC(=CC=C2)OC","Alkaloids","Simple amide alkaloids","Peptide alkaloids","330.146723804","InChI=1S/C19H22O5/c1-8(2)9-4-10(20)6-19-11(5-9)13-14-12(23-17(13)22)7-18(3,24-19)15(14)16(19)21/h9,11-15H,1,4-7H2,2-3H3/t9-,11-,12-,13+,14+,15+,18+,19-/m0/s1","DIIDNULUYBIJPD-IFUZRCJVSA-N","DIIDNULUYBIJPD","C=C(C)[C@H]1CC(=O)C[C@@]23O[C@]4(C)C[C@@H]5OC(=O)[C@@H]([C@@H]5[C@@H]4C2=O)[C@@H]3C1","C19H22O5","(1S,2S,4R,8S,10S,11R,13S,16S)-11-methyl-4-prop-1-en-2-yl-14,17-dioxapentacyclo[8.5.1.18,11.02,8.013,16]heptadecane-6,9,15-trione","http://www.wikidata.org/entity/Q104981398","Terpenoids","Diterpenoids","nan","nan","nan","Sinularia lochmodes","['Eukaryota']","['Metazoa']","['Cnidaria']","['Anthozoa']","['Alcyonacea']","['Alcyoniidae']","['Unknown']","['Sinularia']","['Sinularia lochmodes']","nan","1040266.0","http://www.wikidata.org/entity/Q2398653",2,-0.140576807444136,0.3812375249501,0.662556837391603,0.261477045908184,0.26408852472059,0.307385229540918,0.070380130980131,0.998003992015968
3111,"3111_291.14_1.9","NA_[3111_291.14_1.9]",291.14496577482,1.92193513692308,0.0497313649447472,1.30336962080323,1.19500580968515,0.257017632083503,"Cbz-L-Arginine",NA,NA,0.840492425021527,-136.281765674199,69.3862635920304,1,"InChI=1S/C14H20N4O4/c15-13(16)17-8-4-7-11(12(19)20)18-14(21)22-9-10-5-2-1-3-6-10/h1-3,5-6,11H,4,7-9H2,(H,18,21)(H,19,20)(H4,15,16,17)","SJSSFUMSAFMFNM","C14H20N4O4","[M - H2O + H]+","C1=CC=C(C=C1)COC(=O)NC(CCCN=C(N)N)C(=O)O","Alkaloids","Dipeptides","Small peptides",NA,NA,NA,NA,NA,NA,NA,NA,NA,NA,NA,NA,NA,NA,NA,NA,NA,NA,NA,NA,NA,NA,NA,NA,NA,NA,NA,0.0368981584260297,0.44311377245509,-0.371441913255272,0.475049900199601,-0.158746946800069,0.425149700598802,0.0990386664522268,1
3379,"3379_251.14_1.8","N-(4-Aminobutyl)-3-(3,4-dihydroxyphenyl)prop-2-enamide_[3379_251.14_1.8]",251.138786557956,1.77927260126582,0.0360895580687547,1.44261843601964,1.21061200031504,0.275736557093498,"N-Caffeoylputrescine","N-(4-Aminobutyl)-3-(3,4-dihydroxyphenyl)prop-2-enamide","CHEBI:182693",0.944698250569126,-6.17924382915846,64.3557576928481,1,"InChI=1S/C13H18N2O3/c14-7-1-2-8-15-13(18)6-4-10-3-5-11(16)12(17)9-10/h3-6,9,16-17H,1-2,7-8,14H2,(H,15,18)","KTZNZCYTXQYEHT","C13H18N2O3","[M + H]+","C1=CC(=C(C=C1C=CC(=O)NCCCCN)O)O","Alkaloids","Polyamines","Ornithine alkaloids","250.131742436","InChI=1S/C13H18N2O3/c14-7-1-2-8-15-13(18)6-4-10-3-5-11(16)12(17)9-10/h3-6,9,16-17H,1-2,7-8,14H2,(H,15,18)","KTZNZCYTXQYEHT-UHFFFAOYSA-N","KTZNZCYTXQYEHT","NCCCCNC(=O)C=Cc1ccc(O)c(O)c1","C13H18N2O3","N-(4-aminobutyl)-3-(3,4-dihydroxyphenyl)prop-2-enamide","http://www.wikidata.org/entity/Q105146022","Alkaloids","Ornithine alkaloids","Alkaloids","Ornithine alkaloids","Polyamines","Nicotiana tabacum","['Eukaryota']","['Archaeplastida']","['Streptophyta']","['Magnoliopsida']","['Solanales']","['Solanaceae']","['Nicotianeae']","['Nicotiana']","['Nicotiana tabacum']","nan","222787.0","http://www.wikidata.org/entity/Q181095",4,1.32537788199849,0.19560878243513,0.910227676416369,0.217564870259481,0.929305822579264,0.219560878243513,0.195405982717571,0.986027944111776
3405,"3405_265.15_2.5","NA_[3405_265.15_2.5]",265.15466792084,2.49787677425743,0.0103770816137157,1.98392476761145,1.21857064933026,0.285189896923931,"valylphenylalanine",NA,NA,0.994190616209874,-0.503338275068838,15.9082708525723,1,"InChI=1S/C14H20N2O3/c1-9(2)12(15)13(17)16-11(14(18)19)8-10-6-4-3-5-7-10/h3-7,9,11-12H,8,15H2,1-2H3,(H,16,17)(H,18,19)","GJNDXQBALKCYSZ","C14H20N2O3","[M + H]+","CC(C)C(C(=O)NC(CC1=CC=CC=C1)C(=O)O)N","Amino acids and Peptides","Dipeptides","Small peptides",NA,NA,NA,NA,NA,NA,NA,NA,NA,NA,NA,NA,NA,NA,NA,NA,NA,NA,NA,NA,NA,NA,NA,NA,NA,NA,NA,3.01908645732738,0.0479041916167665,3.27012386395289,0.0379241516966068,3.45502199822092,0.0399201596806387,0.517691751124692,0.253493013972056
4139,"4139_277.17_2.2","p-coumaroylagmatine_[4139_277.17_2.2]",277.166000154098,2.17463267746479,0.0308783964085093,1.51034526173718,1.20531112391565,0.269405593753219,"4-coumaroylagmatine","p-coumaroylagmatine","CHEBI:32818",0.999246902901102,-15.1569594841896,34.4678416971697,1,"InChI=1S/C14H20N4O2/c15-14(16)18-10-2-1-9-17-13(20)8-5-11-3-6-12(19)7-4-11/h3-8,19H,1-2,9-10H2,(H,17,20)(H4,15,16,18)","AKIHYQWCLCDMMI","C14H20N4O2","[M + H]+","C1=CC(=CC=C1C=CC(=O)NCCCCN=C(N)N)O","Amino acids and Peptides","Cinnamic acid amides","Phenylpropanoids (C6-C3)","276.15862588","InChI=1S/C14H20N4O2/c15-14(16)18-10-2-1-9-17-13(20)8-5-11-3-6-12(19)7-4-11/h3-8,19H,1-2,9-10H2,(H,17,20)(H4,15,16,18)/b8-5+","AKIHYQWCLCDMMI-VMPITWQZSA-N","AKIHYQWCLCDMMI","N=C(N)NCCCCNC(=O)/C=C/c1ccc(O)cc1","C14H20N4O2","p-Coumaroylagmatine","http://www.wikidata.org/entity/Q27158879","Alkaloids","Ornithine alkaloids","Terpenoids","Sesquiterpenoids","Polyamines","Arabidopsis thaliana","['Eukaryota']","['Archaeplastida']","['Streptophyta']","['Magnoliopsida']","['Brassicales']","['Brassicaceae']","['Camelineae']","['Arabidopsis']","['Arabidopsis thaliana']","nan","309263.0","http://www.wikidata.org/entity/Q158695",4,1.5020808718597,0.165668662674651,1.44092164625214,0.151696606786427,1.7671070451863,0.137724550898204,0.129649837499961,1
4214,"4214_337.19_2.3","Arphamenine B_[4214_337.19_2.3]",337.187273846185,2.33206771071429,0.0134211141760944,1.87221142899236,1.22305701724509,0.290491661902356,"Arphamenine B","Arphamenine B","CHEBI:222875",0.525205009353559,-351.269706287695,40.0701042514566,1,"InChI=1S/C16H24N4O4/c17-13(2-1-7-20-16(18)19)14(22)9-11(15(23)24)8-10-3-5-12(21)6-4-10/h3-6,11,13,21H,1-2,7-9,17H2,(H,23,24)(H4,18,19,20)","RRJCLYMGCZJLBQ","C16H24N4O4","[M + H]+","C1=CC(=CC=C1CC(CC(=O)C(CCCN=C(N)N)N)C(=O)O)O","Amino acids and Peptides","Cinnamic acid amides","Phenylpropanoids (C6-C3)",NA,NA,NA,NA,NA,NA,NA,NA,NA,NA,NA,NA,NA,NA,NA,NA,NA,NA,NA,NA,NA,NA,NA,NA,NA,NA,NA,-0.38868153522441,0.544910179640719,1.17511802758346,0.155688622754491,0.309760705918886,0.281437125748503,0.142502382467893,0.992015968063872
4411,"4411_158.08_1.8","N-Acetyl-proline_[4411_158.08_1.8]",158.081233513885,1.75774874308943,0.00721110704014054,2.14199805781623,1.24551345374717,0.316740605319816,"Acetylproline","N-Acetyl-proline","CHEBI:165873",0.832272536462864,-3.36418935694671,43.259990609125,1,"InChI=1S/C7H11NO3/c1-5(9)8-4-2-3-6(8)7(10)11/h6H,2-4H2,1H3,(H,10,11)","GNMSLDIYJOSUSW","C7H11NO3","[M + H]+","CC(=O)N1CCCC1C(=O)O","Amino acids and Peptides","Dipeptides","Small peptides",NA,NA,NA,NA,NA,NA,NA,NA,NA,NA,NA,NA,NA,NA,NA,NA,NA,NA,NA,NA,NA,NA,NA,NA,NA,NA,NA,3.90616001816615,0.0219560878243513,1.95091648792266,0.12375249500998,3.89055725205301,0.0359281437125748,0.533456055155715,0.183632734530938
4494,"4494_147.08_0.6","glutamine_[4494_147.08_0.6]",147.076477523465,0.618965573451328,0.027589326836619,1.55925889592199,1.18528573312478,0.245234887031681,"glutamin","glutamine","CHEBI:28300",0.899210598039481,-1.2067982528371,40.1053694055367,1,"InChI=1S/C5H10N2O3/c6-3(5(9)10)1-2-4(7)8/h3H,1-2,6H2,(H2,7,8)(H,9,10)","ZDXPYRJPNDTMRX","C5H10N2O3","[M + H]+","C(CC(=O)N)C(C(=O)O)N","Amino acids and Peptides","Aminoacids","Small peptides","146.06914218","InChI=1S/C5H10N2O3/c6-3(5(9)10)1-2-4(7)8/h3H,1-2,6H2,(H2,7,8)(H,9,10)/t3-/m0/s1","ZDXPYRJPNDTMRX-VKHMYHEASA-N","ZDXPYRJPNDTMRX","NC(=O)CC[C@H](N)C(=O)O","C5H10N2O3","(2S)-5-amino-2-ammonio-5-oxopentanoate","http://www.wikidata.org/entity/Q181619","Amino acids and Peptides","Small peptides","Amino acids and Peptides","Small peptides","Aminoacids","Arnica montana","['Eukaryota']","['Archaeplastida']","['Streptophyta']","['Magnoliopsida']","['Asterales']","['Asteraceae']","['Madieae']","['Arnica']","['Arnica montana']","nan","942734.0","http://www.wikidata.org/entity/Q207848",6,-0.777913231761716,0.606786427145709,-1.7991376456394,0.830339321357285,-1.49562503746783,0.714570858283433,0.206376286857278,0.988023952095808
4766,"4766_307.18_2.3","4-hydroxy-3-methoxycinnamoylagmatine_[4766_307.18_2.3]",307.176642371034,2.30365449605263,0.00968880546962735,2.01372976370548,1.28475895617572,0.361497709341163,"feruloylagmatine","4-hydroxy-3-methoxycinnamoylagmatine","CHEBI:86091",0.995453875613183,-8.17997726968968,28.1488479051416,1,"InChI=1S/C15H22N4O3/c1-22-13-10-11(4-6-12(13)20)5-7-14(21)18-8-2-3-9-19-15(16)17/h4-7,10,20H,2-3,8-9H2,1H3,(H,18,21)(H4,16,17,19)","UBMDAKWARMURDL","C15H22N4O3","[M + H]+","COC1=C(C=CC(=C1)C=CC(=O)NCCCCN=C(N)N)O","Amino acids and Peptides","Cinnamic acid amides","Phenylpropanoids (C6-C3)","306.169190564","InChI=1S/C15H22N4O3/c1-22-13-10-11(4-6-12(13)20)5-7-14(21)18-8-2-3-9-19-15(16)17/h4-7,10,20H,2-3,8-9H2,1H3,(H,18,21)(H4,16,17,19)/b7-5+","UBMDAKWARMURDL-FNORWQNLSA-N","UBMDAKWARMURDL","COc1cc(/C=C/C(=O)NCCCCNC(=N)N)ccc1O","C15H22N4O3","Feruloylagmatine","http://www.wikidata.org/entity/Q27145385","Alkaloids","Ornithine alkaloids","Terpenoids","Sesquiterpenoids","Polyamines","Corydalis saxicola","['Eukaryota']","['Archaeplastida']","['Streptophyta']","['Magnoliopsida']","['Ranunculales']","['Papaveraceae']","['Unknown']","['Corydalis']","['Corydalis saxicola']","nan","345836.0","http://www.wikidata.org/entity/Q15250588",4,1.18448556804386,0.225548902195609,1.45040948594112,0.145708582834331,1.22967839040893,0.189620758483034,0.125449424497072,0.998003992015968
4775,"4775_130.09_0.7","pipecolic acid_[4775_130.09_0.7]",130.086427642111,0.65143068894309,0.0231870712178999,1.63475410406716,1.21578489315989,0.281887997676834,"l-homopro","pipecolic acid","CHEBI:17964",0.514782645687542,-20.29655411135,29.1938845760995,1,"InChI=1S/C6H11NO2/c8-6(9)5-3-1-2-4-7-5/h5,7H,1-4H2,(H,8,9)","HXEACLLIILLPRG","C6H11NO2","[M + H]+","C1CCNC(C1)C(=O)O","Amino acids and Peptides","Aminoacids","Small peptides",NA,NA,NA,NA,NA,NA,NA,NA,NA,NA,NA,NA,NA,NA,NA,NA,NA,NA,NA,NA,NA,NA,NA,NA,NA,NA,NA,3.04631075643623,0.0678642714570858,2.30717274333256,0.0958083832335329,3.44207123373518,0.0518962075848303,0.327716736043454,0.766467065868264
4960,"4960_204.12_1.1","NA_[4960_204.12_1.1]",204.123206352553,1.11608592621359,0.045699139916672,1.34009197351786,0.845753439646903,-0.241690955470596,"Branigen",NA,NA,0.992404022215958,-4.68959277516373,17.3004293851144,1,"InChI=1S/C9H17NO4/c1-7(11)14-8(5-9(12)13)6-10(2,3)4/h8H,5-6H2,1-4H3/p+1","RDHQFKQIGNGIED","C9H17NO4","[M + H]+","CC(=O)OC(CC(=O)O)C[N+](C)(C)C","Fatty acids","Fatty acyl carnitines","Fatty esters",NA,NA,NA,NA,NA,NA,NA,NA,NA,NA,NA,NA,NA,NA,NA,NA,NA,NA,NA,NA,NA,NA,NA,NA,NA,NA,NA,1.430496157267,0.139720558882236,0.871348810900473,0.215568862275449,1.3448579548369,0.173652694610778,0.378866771192942,0.672654690618762
5029,"5029_321.19_2.4","NA_[5029_321.19_2.4]",321.192106629227,2.4279870525,0.0280898222745498,1.55145100858861,1.25060590249965,0.322627231482806,"null",NA,NA,0.991057488909477,-65.6491424815828,27.1595514726589,1,"InChI=1S/C16H24N4O3/c1-22-13-7-5-12(11-14(13)23-2)6-8-15(21)19-9-3-4-10-20-16(17)18/h5-8,11H,3-4,9-10H2,1-2H3,(H,19,21)(H4,17,18,20)","CCZXUYRSGKPBHZ","C16H24N4O3","[M + H]+","COC1=C(C=C(C=C1)C=CC(=O)NCCCCN=C(N)N)OC","Alkaloids","Polyamines","Ornithine alkaloids","nan","nan","nan","CCZXUYRSGKPBHZ",NA,"nan","nan","nan","nan","nan","Terpenoids","Sesquiterpenoids","Polyamines","nan","['Unknown']","['Unknown']","['Unknown']","['Unknown']","['Unknown']","['Unknown']","['Unknown']","['Unknown']","['Unknown']","nan","nan","nan",0,2.18799862421071,0.0658682634730539,0.397422462989524,0.293413173652695,1.81988890587932,0.093812375249501,0.102323943191312,0.790419161676647
5199,"5199_289.16_3.5","NA_[5199_289.16_3.5]",289.164618307372,3.54566492537313,0.0173534477139932,1.76061422839982,0.81369004455751,-0.297448755357093,"null",NA,NA,0.945561736857067,-30.1749840714884,199.999484093613,1,"InChI=1S/C14H24O6/c1-9(11(15)7-13(17)18)5-3-4-6-10(2)12(16)8-14(19)20/h3-4,9-12,15-16H,5-8H2,1-2H3,(H,17,18)(H,19,20)","FIDISSFBBFUTOK","C14H24O6","[M + H]+","CC(CC=CCC(C)C(CC(=O)O)O)C(CC(=O)O)O","Fatty acids","Dicarboxylic acids","Fatty Acids and Conjugates","256.13107374","InChI=1S/C13H20O5/c1-8(14)4-5-13(17)11(2)6-9(15)7-12(13,3)18-10(11)16/h4-5,8-9,14-15,17H,6-7H2,1-3H3/b5-4+/t8-,9+,11-,12-,13+/m1/s1","AQSPKQLQWIQRJJ-WKINKLLYSA-N","AQSPKQLQWIQRJJ","C[C@@H](O)/C=C/[C@@]1(O)[C@@]2(C)C[C@@H](O)C[C@]1(C)C(=O)O2","C13H20O5","(1S,3S,5R,8S)-1,5-Dimethyl-3,8-dihydroxy-8-[(1E,3R)-3-hydroxy-1-butenyl]-6-oxabicyclo[3.2.1]octane-7-one","http://www.wikidata.org/entity/Q104917037","Terpenoids","nan","Terpenoids","Fatty acyl glycosides","Fatty acyl glycosides of mono- and disaccharides","Silene baccifera","['Eukaryota']","['Archaeplastida']","['Streptophyta']","['Magnoliopsida']","['Caryophyllales']","['Caryophyllaceae']","['Sileneae']","['Silene']","['Silene baccifera']","nan","728693.0","http://www.wikidata.org/entity/Q158883",6,2.02467839450113,0.105788423153693,1.31850750312484,0.201596806387226,1.99474527184805,0.139720558882236,0.216953554470985,0.92814371257485
5298,"5298_265.15_2.2","NA_[5298_265.15_2.2]",265.154517641193,2.17528754495413,0.00340665717740912,2.46767156864835,1.3166405618506,0.396861548774635,"Subaphyllin",NA,NA,0.991761113576679,-5.46405338550583,63.8004329167507,1,"InChI=1S/C14H20N2O3/c1-19-13-10-11(4-6-12(13)17)5-7-14(18)16-9-3-2-8-15/h4-7,10,17H,2-3,8-9,15H2,1H3,(H,16,18)","SFUVCMKSYKHYLD","C14H20N2O3","[M + H]+","COC1=C(C=CC(=C1)C=CC(=O)NCCCCN)O","Alkaloids","Polyamines","Ornithine alkaloids","264.1473925","InChI=1S/C14H20N2O3/c1-19-13-10-11(4-6-12(13)17)5-7-14(18)16-9-3-2-8-15/h4-7,10,17H,2-3,8-9,15H2,1H3,(H,16,18)","SFUVCMKSYKHYLD-UHFFFAOYSA-N","SFUVCMKSYKHYLD","COc1cc(C=CC(=O)NCCCCN)ccc1O","C14H20N2O3","N-(4-aminobutyl)-3-(4-hydroxy-3-methoxyphenyl)prop-2-enamide","http://www.wikidata.org/entity/Q105252051","Alkaloids","Ornithine alkaloids","Alkaloids","Ornithine alkaloids","Polyamines","Solanum tuberosum","['Eukaryota']","['Archaeplastida']","['Streptophyta']","['Magnoliopsida']","['Solanales']","['Solanaceae']","['Solaneae']","['Solanum']","['Solanum tuberosum']","nan","494835.0","http://www.wikidata.org/entity/Q10998",9,1.90736280781367,0.127744510978044,-0.316995055647357,0.473053892215569,1.2885121451187,0.18562874251497,0.192158122225212,0.974051896207585
5315,"5315_284.29_9.9","octadecanamide_[5315_284.29_9.9]",284.294804763971,9.85872569,0.0404588671241159,1.39298628193677,0.915975215934179,-0.126619531862721,"Adogen 42","octadecanamide","CHEBI:34900",0.845192324625061,-3.79012533437867,29.6318594057444,1,"InChI=1S/C18H37NO/c1-2-3-4-5-6-7-8-9-10-11-12-13-14-15-16-17-18(19)20/h2-17H2,1H3,(H2,19,20)","LYRFLYHAGKPMFH","C18H37NO","[M + H]+","CCCCCCCCCCCCCCCCCC(=O)N","Fatty acids","Primary amides","Fatty amides","283.287514804","InChI=1S/C18H37NO/c1-2-3-4-5-6-7-8-9-10-11-12-13-14-15-16-17-18(19)20/h2-17H2,1H3,(H2,19,20)","LYRFLYHAGKPMFH-UHFFFAOYSA-N","LYRFLYHAGKPMFH","CCCCCCCCCCCCCCCCCC(N)=O","C18H37NO","Octadecanamide","http://www.wikidata.org/entity/Q27116315","Fatty acids","Fatty amides","Fatty acids","Fatty amides","Primary amides","Apis cerana","['Eukaryota']","['Metazoa']","['Arthropoda']","['Insecta']","['Hymenoptera']","['Apidae']","['Apini']","['Apis']","['Apis cerana']","nan","625771.0","http://www.wikidata.org/entity/Q306939",4,4.02190265701285,0.0359281437125748,3.59011074427934,0.0459081836327345,4.08443662770591,0.0479041916167665,0.606202089252337,0.189620758483034
5466,"5466_493.28_6.7","NA_[5466_493.28_6.7]",493.281270346002,6.66026084691358,0.0227360879425289,1.64328425957489,0.822773505396781,-0.281432757329934,"null",NA,NA,0.955575649595229,-122.714238983757,33.0778654228909,1,"InChI=1S/C28H36N4O4/c1-3-11-21-25(33)29-22(12-4-2)26(34)31-24(18-20-15-9-6-10-16-20)28(36)32-23(27(35)30-21)17-19-13-7-5-8-14-19/h5-10,13-16,21-24H,3-4,11-12,17-18H2,1-2H3,(H,29,33)(H,30,35)(H,31,34)(H,32,36)","AMUAGNPIOKLCDR","C28H36N4O4","[M + H]+","CCCC1C(=O)NC(C(=O)NC(C(=O)NC(C(=O)N1)CCC)CC2=CC=CC=C2)CC3=CC=CC=C3","Amino acids and Peptides","Tripeptides","Small peptides","451.247106536","InChI=1S/C26H33N3O4/c30-20-8-10-26-11-9-24(31)27-12-1-2-13-28-14-3-15-29(18-28)25(32)7-5-19-4-6-22(21(26)16-19)33-23(26)17-20/h4-7,9,11,16,20,23,30H,1-3,8,10,12-15,17-18H2,(H,27,31)/b7-5+,11-9+/t20-,23+,26-/m0/s1","UFOFLILZAYNLQQ-NHPWUDTJSA-N","UFOFLILZAYNLQQ","O=C1/C=C/[C@]23CC[C@H](O)C[C@H]2Oc2ccc(cc23)/C=C/C(=O)N2CCCN(CCCCN1)C2","C26H33N3O4","(1S,2E,16E,23R,25S)-25-hydroxy-22-oxa-5,10,14-triazapentacyclo[16.9.2.110,14.01,23.021,28]triaconta-2,16,18(29),19,21(28)-pentaene-4,15-dione","http://www.wikidata.org/entity/Q105271994","Alkaloids","Ornithine alkaloids","Alkaloids","Ornithine alkaloids","Polyamines","Lunaria annua","['Eukaryota']","['Archaeplastida']","['Streptophyta']","['Magnoliopsida']","['Brassicales']","['Brassicaceae']","['Biscutelleae']","['Lunaria']","['Lunaria annua']","nan","464805.0","http://www.wikidata.org/entity/Q240620",6,2.12832441875316,0.0838323353293413,1.45005580882143,0.135728542914172,2.11211683470515,0.0978043912175649,0.255634277291336,0.772455089820359
5602,"5602_265.15_2.2","NA_[5602_265.15_2.2]",265.154619255352,2.24606476037736,0.00355465851883042,2.44920211378396,1.26690371981877,0.341306888947607,"Subaphyllin",NA,NA,0.992258526870659,-6.18386016188972,46.3987684580733,1,"InChI=1S/C14H20N2O3/c1-19-13-10-11(4-6-12(13)17)5-7-14(18)16-9-3-2-8-15/h4-7,10,17H,2-3,8-9,15H2,1H3,(H,16,18)","SFUVCMKSYKHYLD","C14H20N2O3","[M + H]+","COC1=C(C=CC(=C1)C=CC(=O)NCCCCN)O","Alkaloids","Polyamines","Ornithine alkaloids","264.1473925","InChI=1S/C14H20N2O3/c1-19-13-10-11(4-6-12(13)17)5-7-14(18)16-9-3-2-8-15/h4-7,10,17H,2-3,8-9,15H2,1H3,(H,16,18)/b7-5+","SFUVCMKSYKHYLD-FNORWQNLSA-N","SFUVCMKSYKHYLD","COc1cc(/C=C/C(=O)NCCCCN)ccc1O","C14H20N2O3","Feruloylputrescine","http://www.wikidata.org/entity/Q27108351","Alkaloids","Ornithine alkaloids","Alkaloids","Ornithine alkaloids","Polyamines","Colocasia esculenta","['Eukaryota']","['Archaeplastida']","['Streptophyta']","['Magnoliopsida']","['Alismatales']","['Araceae']","['Colocasieae']","['Colocasia']","['Colocasia esculenta']","nan","1008203.0","http://www.wikidata.org/entity/Q227997",4,3.13311727712561,0.0379241516966068,2.30673017517553,0.0658682634730539,3.29973737015463,0.0399201596806387,0.701721813573424,0.0239520958083832
5645,"5645_219.15_2.9","N-(4-aminobutyl)-3-(4-hydroxyphenyl)propanimidic acid_[5645_219.15_2.9]",219.149247048271,2.91406643090909,0.0210483909349752,1.67678109862979,1.20452068448645,0.268459168296018,"null","N-(4-aminobutyl)-3-(4-hydroxyphenyl)propanimidic acid","CHEBI:190315",0.512307559237086,-146.07469970249,40.2638346775672,1,"InChI=1S/C13H20N2O2/c14-9-1-2-10-15-13(17)8-5-11-3-6-12(16)7-4-11/h3-4,6-7,16H,1-2,5,8-10,14H2,(H,15,17)","URDRVJQAISYYTA","C13H20N2O2","[M - H2O + H]+","C1=CC(=CC=C1CCC(=O)NCCCCN)O","Alkaloids","Polyamines","Ornithine alkaloids","218.141913196","InChI=1S/C13H18N2O/c14-10-4-5-11-15-13(16)9-8-12-6-2-1-3-7-12/h1-3,6-9H,4-5,10-11,14H2,(H,15,16)","UYLFIIUIXMINML-UHFFFAOYSA-N","UYLFIIUIXMINML","NCCCCNC(=O)C=Cc1ccccc1","C13H18N2O","Cinnamoyl putrescine","http://www.wikidata.org/entity/Q104392492","Alkaloids","Ornithine alkaloids","nan","nan","nan","Hyoscyamus muticus","['Eukaryota']","['Archaeplastida']","['Streptophyta']","['Magnoliopsida']","['Solanales']","['Solanaceae']","['Hyoscyameae']","['Hyoscyamus']","['Hyoscyamus muticus']","nan","689845.0","http://www.wikidata.org/entity/Q254080",6,0.795079316769026,0.259481037924152,2.25535622376461,0.0678642714570858,1.89030306234463,0.0918163672654691,0.204741495302084,0.82435129740519
